Units,Minutes,Mean
1,23,97.21429
2,29,97.21429
3,49,97.21429
4,64,97.21429
4,74,97.21429
5,87,97.21429
6,96,97.21429
6,97,97.21429
7,109,97.21429
8,119,97.21429
9,149,97.21429
9,145,97.21429
10,154,97.21429
10,166,97.21429
